seed,n,graph,rep,full_bound,edge_bound,gap_pct
1,2,path,1,0.7633340296303326,0.7633340686715355,0.0
1,2,path,2,0.24496773028088578,0.2449677302817836,0.0
1,2,path,3,0.010378404132800334,0.010378404499227223,0.0
1,2,path,4,0.1455794268216762,0.1455794345314699,0.0
1,2,path,5,0.26280150853379336,0.26280150853381135,0.0
1,2,path,6,0.3917650365160122,0.39176505150909335,0.0
1,2,path,7,0.7344911484716015,0.7344911484735707,0.0
1,2,path,8,0.26730855220678024,0.26730855298544043,0.0
1,2,path,9,0.3287625011402367,0.3287625011403278,0.0
1,2,path,10,0.1945035578113053,0.19450355836527722,0.0
1,2,path,11,0.023145461198900763,0.023145462486772628,0.0
1,2,path,12,0.3388175417151116,0.33881754162970856,2.5206197282040373e-08
1,2,path,13,0.023030328750425266,0.023030331418113448,0.0
1,2,path,14,0.003979360110870495,0.003979360767518203,0.0
1,2,path,15,0.14412142855411558,0.14412142866790956,0.0
1,2,path,16,0.1315360890323733,0.13153611730472353,0.0
1,2,path,17,0.014821147145719,0.014821147720583003,0.0
1,2,path,18,0.014589172173482236,0.014589184654996194,0.0
1,2,path,19,0.2077885176843729,0.20778851768487605,0.0
1,2,path,20,0.29021855818285053,0.2902185708862781,0.0
1,2,path,21,0.18484163121870548,0.18484163373453344,0.0
1,2,path,22,0.03406413279413728,0.03406413419045562,0.0
1,2,path,23,0.3309335157100877,0.3309335175311331,0.0
1,2,path,24,0.4111388592481291,0.4111388825854798,0.0
1,2,path,25,0.00140231609196129,0.0014023228879249117,0.0
1,2,path,26,0.6224391096374197,0.6224391098958025,0.0
1,2,path,27,0.003522334204803565,0.003522336511468195,0.0
1,2,path,28,0.2880469709922042,0.2880469709922393,0.0
1,2,path,29,0.8470825819717336,0.8470825821752586,0.0
1,2,path,30,0.7439294536115552,0.7439294536116255,0.0
1,2,path,31,0.04092600097505339,0.04092600189851858,0.0
1,2,path,32,0.019458919443896383,0.019458920900956023,0.0
1,2,path,33,0.02106576250258113,0.021065766120740292,0.0
1,2,path,34,0.09441556665419126,0.09441556665418549,6.114626997045655e-12
1,2,path,35,0.03966370997092253,0.039663715718848525,0.0
1,2,path,36,0.27433500967696417,0.2743350146174385,0.0
1,2,path,37,0.8147955769635141,0.8147955819795702,0.0
1,2,path,38,0.11327584301061869,0.1132758572912444,0.0
1,2,path,39,0.1036421445163942,0.1036421517574474,0.0
1,2,path,40,0.18200690619089774,0.18200690619947718,0.0
1,2,path,41,0.74750914363426,0.7475091436473729,0.0
1,2,path,42,0.06595776479478865,0.06595776709165702,0.0
1,2,path,43,0.01764650180082128,0.017646503423468685,0.0
1,2,path,44,0.11295403777891322,0.11295411186522375,0.0
1,2,path,45,0.07565198822055713,0.07565199391509725,0.0
1,2,path,46,0.10478894241752783,0.10478898899770689,0.0
1,2,path,47,0.3750382955339277,0.3750382955342942,0.0
1,2,path,48,0.044499964497917766,0.04450000874019544,0.0
1,2,path,49,0.2205033466867779,0.22050335178071534,0.0
1,2,path,50,0.11793367719827968,0.11793367848396183,0.0
1,2,path,51,0.21809033111086729,0.21809045356431356,0.0
1,2,path,52,0.2659814158283934,0.265981415828511,0.0
1,2,path,53,0.018336493609823173,0.01833649535640014,0.0
1,2,path,54,0.6853555256661686,0.6853555256662343,0.0
1,2,path,55,0.42200771916459,0.42200771916589086,0.0
1,2,path,56,0.06952164903582547,0.06952167045754731,0.0
1,2,path,57,0.2430602034740428,0.24306020347428303,0.0
1,2,path,58,0.1914759124530238,0.1914759147477627,0.0
1,2,path,59,0.013077861147545944,0.013077864030117181,0.0
1,2,path,60,0.19130043095614835,0.19130043371640404,0.0
1,2,path,61,0.11597143461916348,0.11597143810378785,0.0
1,2,path,62,0.23103347238795166,0.23103355862939878,0.0
1,2,path,63,0.4594890715765603,0.45948907157672325,0.0
1,2,path,64,0.0921371467987786,0.09213714679882257,0.0
1,2,path,65,0.06316466443865167,0.06316468086525881,0.0
1,2,path,66,0.2829443556201507,0.28294435646897487,0.0
1,2,path,67,0.2277739211788825,0.2277739368640886,0.0
1,2,path,68,0.1480271218895658,0.1480271256882919,0.0
1,2,path,69,0.05342314870773357,0.053423148870331394,0.0
1,2,path,70,0.042221388298900986,0.04222139241841316,0.0
1,2,path,71,0.14462968935175963,0.14462969261444136,0.0
1,2,path,72,0.15618484163484392,0.1561848426672592,0.0
1,2,path,73,0.5259645090805947,0.5259645162888582,0.0
1,2,path,74,0.4986475198786178,0.49864751987874656,0.0
1,2,path,75,0.09154696628975034,0.0915469862518854,0.0
1,2,path,76,0.5265188934343401,0.5265188937329639,0.0
1,2,path,77,0.026658633099149454,0.026658642707442948,0.0
1,2,path,78,0.0030208324001566034,0.0030208560482286595,0.0
1,2,path,79,0.11571624463015096,0.11571624742261034,0.0
1,2,path,80,0.23175827930753168,0.23175830499000905,0.0
1,2,path,81,0.45642507555564316,0.45642507737847293,0.0
1,2,path,82,0.029619733730865905,0.029619735482890874,0.0
1,2,path,83,0.22559216304268256,0.22559216305183694,0.0
1,2,path,84,0.09263657017382165,0.09263657442665607,0.0
1,2,path,85,0.1850875968302355,0.18508761856235137,0.0
1,2,path,86,0.004792973771097664,0.004792976887411204,0.0
1,2,path,87,0.13426175401977208,0.13426180596887227,0.0
1,2,path,88,0.03453745342229819,0.03453745473620984,0.0
1,2,path,89,0.3014099101956604,0.3014099417311951,0.0
1,2,path,90,0.4057660722427671,0.4057660722451361,0.0
1,2,path,91,0.08623619905297422,0.08623620825171929,0.0
1,2,path,92,0.2275805048278213,0.2275805480362938,0.0
1,2,path,93,0.17114105688214926,0.1711410622459646,0.0
1,2,path,94,0.0025520675128410004,0.0025521058195169394,0.0
1,2,path,95,0.11056011168235141,0.1105601722834319,0.0
1,2,path,96,0.012011587263343726,0.012011593284835143,0.0
1,2,path,97,0.062232581294597744,0.062232581756059724,0.0
1,2,path,98,0.20863059740188739,0.20863063070986054,0.0
1,2,path,99,0.1965860623411146,0.1965860926040991,0.0
1,2,path,100,0.6711801766408508,0.6711801770419771,0.0
1,2,star,1,0.27671167342013414,0.2767116862557518,0.0
1,2,star,2,0.5313007329746771,0.531300732974695,0.0
1,2,star,3,0.0402381502995611,0.04023815363215294,0.0
1,2,star,4,0.03317190066506781,0.033171934477710385,0.0
1,2,star,5,0.8731162244164368,0.8731162249846465,0.0
1,2,star,6,0.37028023052965514,0.37028023053559705,0.0
1,2,star,7,0.09141686260659516,0.09141686260661704,0.0
1,2,star,8,0.41293097541544954,0.4129309754971999,0.0
1,2,star,9,0.08793380228861536,0.08793382856796106,0.0
1,2,star,10,0.027390976004623244,0.027390978075893718,0.0
1,2,star,11,0.0668074818220341,0.0668074970701883,0.0
1,2,star,12,0.1935972732600365,0.19359727845576902,0.0
1,2,star,13,0.1530157329112995,0.1530157329116048,0.0
1,2,star,14,0.0545303479944772,0.05453034799389078,1.0754008055595023e-09
1,2,star,15,0.22262219470358746,0.22262220453897152,0.0
1,2,star,16,0.3527120647835915,0.3527120674393498,0.0
1,2,star,17,1.1256663699794195e-05,1.1260607448479454e-05,0.0
1,2,star,18,0.41710556958030504,0.4171055696447139,0.0
1,2,star,19,0.11907518000857709,0.11907518172614973,0.0
1,2,star,20,0.26695415587338184,0.26695415670352196,0.0
1,2,star,21,0.029946004428435147,0.02994601264772112,0.0
1,2,star,22,0.00021191130445119555,0.00021191130429087934,7.565250243306128e-08
1,2,star,23,0.30042211702941357,0.30042212549930297,0.0
1,2,star,24,0.0178731310943554,0.017873133637231975,0.0
1,2,star,25,0.19424135571760245,0.194241420692993,0.0
1,2,star,26,0.3374587440355153,0.337458768100403,0.0
1,2,star,27,0.060468346041638865,0.06046837520304782,0.0
1,2,star,28,0.028480863821166935,0.028480871114463402,0.0
1,2,star,29,0.004149526506740164,0.004149527332316438,0.0
1,2,star,30,0.21643099909593105,0.21643099939573895,0.0
1,2,star,31,0.07405469196706804,0.07405476229160324,0.0
1,2,star,32,0.09393974543085765,0.09393974784518602,0.0
1,2,star,33,0.05178453094718477,0.05178453273935979,0.0
1,2,star,34,0.004439072219711682,0.004439093287715905,0.0
1,2,star,35,0.013829096225440984,0.01382910019699135,0.0
1,2,star,36,0.27318792927473,0.27318792932942904,0.0
1,2,star,37,0.12783779797063494,0.1278377979743493,0.0
1,2,star,38,0.2308584860127637,0.23085848853465685,0.0
1,2,star,39,0.15504325384295753,0.15504325589657897,0.0
1,2,star,40,0.6228283593560162,0.6228283593569859,0.0
1,2,star,41,0.012246110663276633,0.012246111318559794,0.0
1,2,star,42,0.6284661015618871,0.6284661019487284,0.0
1,2,star,43,0.1596276910586103,0.15962769258273524,0.0
1,2,star,44,0.16342235247853898,0.1634223546967743,0.0
1,2,star,45,0.45881111899786564,0.4588111190221904,0.0
1,2,star,46,0.2589769168097691,0.25897691836244086,0.0
1,2,star,47,0.028860985944827666,0.02886100801987168,0.0
1,2,star,48,0.08061897557642506,0.08061897608251178,0.0
1,2,star,49,0.06439357276152,0.06439358792854499,0.0
1,2,star,50,0.372232169079909,0.37223216908012824,0.0
1,2,star,51,0.09830835847815184,0.09830836015124944,0.0
1,2,star,52,0.1572817080059186,0.15728171008815423,0.0
1,2,star,53,0.6206132975980823,0.6206132976018359,0.0
1,2,star,54,0.07048849954941189,0.07048850521383374,0.0
1,2,star,55,0.030065348784227952,0.03006534916897019,0.0
1,2,star,56,0.026154972201693327,0.0261550059208495,0.0
1,2,star,57,0.1231246464960166,0.1231246797436366,0.0
1,2,star,58,0.5446353057796613,0.5446353057920659,0.0
1,2,star,59,0.29987116117120943,0.29987116170880346,0.0
1,2,star,60,0.1039682543783943,0.10396832922943777,0.0
1,2,star,61,0.15466183262559993,0.15466183673187933,0.0
1,2,star,62,0.005743946188423332,0.005743953463394513,0.0
1,2,star,63,0.004670261013276271,0.0046702633743642835,0.0
1,2,star,64,0.7059553777706811,0.705955386851836,0.0
1,2,star,65,0.19588679209679855,0.19588680846286532,0.0
1,2,star,66,0.04114953608990733,0.04114953810399136,0.0
1,2,star,67,0.7620550846772939,0.7620550847576456,0.0
1,2,star,68,0.4653319865008406,0.46533198650114094,0.0
1,2,star,69,0.09409140352817986,0.09409142499492554,0.0
1,2,star,70,0.020373240662368564,0.02037324842421162,0.0
1,2,star,71,0.03467852468935528,0.03467856158081509,0.0
1,2,star,72,0.6169500441125445,0.6169500622468395,0.0
1,2,star,73,0.13171684380340531,0.1317168716730709,0.0
1,2,star,74,0.019454922433306487,0.01945493097895379,0.0
1,2,star,75,0.017650875810174438,0.01765087724727632,0.0
1,2,star,76,0.0695318487695529,0.06953185155891262,0.0
1,2,star,77,0.015809749970113807,0.01580975583248967,0.0
1,2,star,78,0.7583935162089229,0.7583935165601132,0.0
1,2,star,79,0.5727406107962204,0.5727406113756756,0.0
1,2,star,80,0.013117233089016828,0.013117241564822801,0.0
1,2,star,81,0.16666159653265245,0.16666160681109798,0.0
1,2,star,82,0.17565372222903725,0.17565375692993224,0.0
1,2,star,83,0.12188873946724102,0.12188877133097986,0.0
1,2,star,84,0.204459996692319,0.20446004209471935,0.0
1,2,star,85,0.014724182462114155,0.014724187216232254,0.0
1,2,star,86,0.03787922060236215,0.037879228980628066,0.0
1,2,star,87,0.1884170482028834,0.18841705401927156,0.0
1,2,star,88,0.01671109374858193,0.016711094065266052,0.0
1,2,star,89,0.399190734787375,0.3991907348648954,0.0
1,2,star,90,0.36122702559913905,0.3612270552306306,0.0
1,2,star,91,0.16243380055439327,0.16243381381424085,0.0
1,2,star,92,0.5198134667900571,0.5198134668129855,0.0
1,2,star,93,0.031073787786330687,0.03107379635343406,0.0
1,2,star,94,0.030448219877330873,0.03044822028221439,0.0
1,2,star,95,0.002088693375181916,0.002088699052823939,0.0
1,2,star,96,0.5655565077906852,0.5655565077951361,0.0
1,2,star,97,0.06369066144727065,0.06369067694635451,0.0
1,2,star,98,0.02129119636405402,0.021291201009508987,0.0
1,2,star,99,0.0050425215192455575,0.005042524888349331,0.0
1,2,star,100,0.1103458081367571,0.11034584785291468,0.0
1,2,complete,1,0.3295147617299693,0.32951477183058286,0.0
1,2,complete,2,0.06869517463486319,0.06869518042621092,0.0
1,2,complete,3,0.1563075194089216,0.15630752061228634,0.0
1,2,complete,4,0.10007884826847985,0.10007884826987312,0.0
1,2,complete,5,0.08540706983731902,0.08540707273633642,0.0
1,2,complete,6,0.017918589827668363,0.017918590891483177,0.0
1,2,complete,7,0.10648175360508985,0.10648175984927749,0.0
1,2,complete,8,0.6794719985302112,0.679472009697379,0.0
1,2,complete,9,0.2956726814868118,0.29567268330931323,0.0
1,2,complete,10,0.19593775886576892,0.1959377624510635,0.0
1,2,complete,11,0.04766592184076544,0.04766592443877757,0.0
1,2,complete,12,0.037797045603773394,0.03779704593763522,0.0
1,2,complete,13,0.017459517805053296,0.017459518289729692,0.0
1,2,complete,14,0.5814978511880359,0.5814978511881175,0.0
1,2,complete,15,0.029868008218346676,0.02986800899927733,0.0
1,2,complete,16,0.5250972398900416,0.525097241511942,0.0
1,2,complete,17,0.09598853339924274,0.09598854741632179,0.0
1,2,complete,18,0.10985615205683723,0.10985625216712824,0.0
1,2,complete,19,0.39445505095980277,0.3944550509602134,0.0
1,2,complete,20,0.3253282028211267,0.325328221248954,0.0
1,2,complete,21,0.03196909203322079,0.031969094459984304,0.0
1,2,complete,22,0.008112702159472573,0.008112733660601168,0.0
1,2,complete,23,0.32502701772315745,0.3250270192962107,0.0
1,2,complete,24,0.12312594503990959,0.1231259465654222,0.0
1,2,complete,25,0.7408255686027903,0.7408255686616976,0.0
1,2,complete,26,0.44865381138054683,0.44865381138459803,0.0
1,2,complete,27,0.28338890440756115,0.2833889043854956,7.78632164101545e-09
1,2,complete,28,0.011761055221939432,0.01176105922940407,0.0
1,2,complete,29,0.3690694788182193,0.3690694873369873,0.0
1,2,complete,30,0.027201685373156925,0.027201685635339423,0.0
1,2,complete,31,0.3584167634600157,0.35841676286388546,1.6632320723918716e-07
1,2,complete,32,0.14079962664984053,0.1407996266506355,0.0
1,2,complete,33,0.7096819389737619,0.7096819389942246,0.0
1,2,complete,34,0.1793340207767774,0.17933402489902595,0.0
1,2,complete,35,0.1355171444599701,0.13551714449607166,0.0
1,2,complete,36,0.018703855975972572,0.018703855140552283,4.466567159072608e-06
1,2,complete,37,0.0601193153125493,0.06011932035244278,0.0
1,2,complete,38,0.08018680537998313,0.08018680535760847,2.7903166332853444e-08
1,2,complete,39,0.005660779472586253,0.005660781533814441,0.0
1,2,complete,40,0.1243858290590345,0.12438582946217841,0.0
1,2,complete,41,0.2433698053881111,0.2433698832873229,0.0
1,2,complete,42,0.5299512358260137,0.5299512370606236,0.0
1,2,complete,43,0.3959778829041302,0.3959778936806533,0.0
1,2,complete,44,0.008491620866071553,0.008491643783828273,0.0
1,2,complete,45,0.023058304920474004,0.023058310794685344,0.0
1,2,complete,46,0.5436605492264648,0.5436605491695065,1.0476818122061385e-08
1,2,complete,47,0.0815072703415648,0.08150729385958011,0.0
1,2,complete,48,0.03683854143873977,0.036838542227581206,0.0
1,2,complete,49,0.4047334713307721,0.4047334713309333,0.0
1,2,complete,50,0.284000233683718,0.28400023959097254,0.0
1,2,complete,51,0.10350953910171365,0.10350954123025002,0.0
1,2,complete,52,0.5706703267657601,0.5706703314170654,0.0
1,2,complete,53,0.004320645947611779,0.0043206465987273845,0.0
1,2,complete,54,0.055832149520534835,0.055832149971902556,0.0
1,2,complete,55,0.036383765490498626,0.036383779542748185,0.0
1,2,complete,56,0.4621656091532399,0.4621656305632655,0.0
1,2,complete,57,0.2708628971557754,0.27086290745013897,0.0
1,2,complete,58,0.028428008539564023,0.0284280652766372,0.0
1,2,complete,59,0.14082268558795452,0.1408226867643283,0.0
1,2,complete,60,0.4168628476516977,0.4168628646579762,0.0
1,2,complete,61,0.1373047835765589,0.1373047868440574,0.0
1,2,complete,62,0.05559345358452947,0.05559347008181312,0.0
1,2,complete,63,0.16234624594268526,0.16234624640624595,0.0
1,2,complete,64,0.019794494574675747,0.01979449549487544,0.0
1,2,complete,65,0.39798356364511456,0.39798357145471225,0.0
1,2,complete,66,0.129162311415652,0.12916231322109506,0.0
1,2,complete,67,0.026634176350448846,0.026634205947243972,0.0
1,2,complete,68,0.04500283161490512,0.04500288190092583,0.0
1,2,complete,69,0.30021804141994096,0.3002180611940699,0.0
1,2,complete,70,0.8416800546050939,0.8416800546062289,0.0
1,2,complete,71,0.6215733214156908,0.6215733215851923,0.0
1,2,complete,72,0.48965135962908385,0.48965136142311644,0.0
1,2,complete,73,0.10120978862870897,0.10120980877335324,0.0
1,2,complete,74,0.14052319574483974,0.14052321863113404,0.0
1,2,complete,75,0.06908141146267716,0.06908141273387025,0.0
1,2,complete,76,0.5894292556959484,0.5894292557032113,0.0
1,2,complete,77,0.02165197119448352,0.0216519741454842,0.0
1,2,complete,78,0.4392854928192529,0.4392855054498134,0.0
1,2,complete,79,0.06815888600625813,0.06815891075812744,0.0
1,2,complete,80,0.6753545121420214,0.6753545121420712,0.0
1,2,complete,81,0.6962264345949958,0.6962264345949962,0.0
1,2,complete,82,0.016127760555546294,0.016127769132776023,0.0
1,2,complete,83,0.2012882708990817,0.20128827459661786,0.0
1,2,complete,84,0.078030182176341,0.07803019652983623,0.0
1,2,complete,85,0.4058795527882075,0.40587960053503996,0.0
1,2,complete,86,0.06399624236213852,0.06399624338717136,0.0
1,2,complete,87,0.1931405771414884,0.19314057714155525,0.0
1,2,complete,88,0.2525967004008123,0.25259670040666715,0.0
1,2,complete,89,0.4238816126547855,0.42388162108031524,0.0
1,2,complete,90,0.2398116732241953,0.23981167804078907,0.0
1,2,complete,91,0.28094158976434175,0.28094159066356766,0.0
1,2,complete,92,0.18479009669252555,0.18479009670610425,0.0
1,2,complete,93,0.013900496088357861,0.013900518279889695,0.0
1,2,complete,94,0.03947196773390915,0.039471970286225844,0.0
1,2,complete,95,0.07971348771314801,0.07971349155874119,0.0
1,2,complete,96,0.5238043691947639,0.5238043818943797,0.0
1,2,complete,97,0.027464717631512703,0.02746473474568578,0.0
1,2,complete,98,0.5356653174252737,0.535665321043471,0.0
1,2,complete,99,0.49687197007117034,0.4968719750016539,0.0
1,2,complete,100,0.1152198517848741,0.11521985924473432,0.0
1,10,path,1,2.4066037520305468,2.4065433647075194,0.002509234142780112
1,10,path,2,1.1072890938000446,1.0944306971917175,1.161250181215014
1,10,path,3,2.5160358966635212,2.513236813902,0.11124971488813061
1,10,path,4,1.9421701447067439,1.9254814260430615,0.8592820103411833
1,10,path,5,2.2686280516693897,2.2684749178983723,0.006750060720829016
1,10,path,6,2.06624084895734,2.0650034156652426,0.05988814385902287
1,10,path,7,1.1294527190123675,1.1268385278261068,0.23145645162965794
1,10,path,8,2.4075355795638442,2.398128153700507,0.39074919362320293
1,10,path,9,0.6680588147466537,0.6633949658860278,0.6981195005105418
1,10,path,10,2.3561594443435245,2.3559050252013347,0.01079804436837286
1,10,path,11,2.6508113309802823,2.580712807414005,2.6444176825045655
1,10,path,12,2.2011650519460915,2.1786980697309097,1.0206859406257722
1,10,path,13,0.7217406627041034,0.7206503015372132,0.15107381684787105
1,10,path,14,2.491169268983133,2.4824903225207637,0.34838846843642046
1,10,path,15,2.0008762243029787,1.9978256968747266,0.15245957701930596
1,10,path,16,2.070670898400333,2.068095299692529,0.12438474456726735
1,10,path,17,1.7840999479586437,1.782945426769591,0.06471168783865937
1,10,path,18,2.05236797129421,2.0520079083110057,0.01754378299799086
1,10,path,19,2.202699981969543,2.2024324166466718,0.012147152361256025
1,10,path,20,1.1221678432308622,1.1203241186421777,0.16430025150035585
1,10,path,21,0.9630962919031927,0.951650243443937,1.1884635581595817
1,10,path,22,1.9676721873688126,1.938594414045164,1.4777752874848278
1,10,path,23,1.971658542735457,1.8948278956699718,3.896752170834366
1,10,path,24,1.3970021580210328,1.3904844111277157,0.466552385470184
1,10,path,25,1.4561300584632884,1.4313143234080512,1.7042251762473868
1,10,path,26,1.488868175598385,1.4605220664350635,1.9038696392263879
1,10,path,27,3.0279974024500866,3.0279980831126223,0.0
1,10,path,28,2.995033651435681,2.990392777141868,0.1549523255469279
1,10,path,29,1.344709618910079,1.340803028945048,0.2905155068495147
1,10,path,30,2.495857891191067,2.4956352996469775,0.008918438220191768
1,10,path,31,2.1571894324474203,2.1386573309541808,0.8590854940455623
1,10,path,32,1.4140890716735028,1.4140141943367883,0.005295093372435501
1,10,path,33,1.556550634943457,1.555994016145552,0.03575976170702196
1,10,path,34,1.1762263159957442,1.1762264929311765,0.0
1,10,path,35,1.4903475414411174,1.4786138218006775,0.7873143219395508
1,10,path,36,1.836699875798373,1.826849559783669,0.5363051494965873
1,10,path,37,0.9216359496872557,0.920344921216494,0.14008009032197277
1,10,path,38,1.9110659486595885,1.9067914440199702,0.22367122613514823
1,10,path,39,1.8213537981742856,1.8072164836707592,0.7761981509412154
1,10,path,40,1.9031639907947417,1.895608787318356,0.3969812119674849
1,10,path,41,0.863011392284584,0.8559102787847116,0.8228296362431763
1,10,path,42,2.8984161038599634,2.8975765440975954,0.028966157110773855
1,10,path,43,1.7483457758558707,1.7301003429300104,1.0435826355303557
1,10,path,44,3.0065537486190923,3.0012078863778955,0.177806973969854
1,10,path,45,1.0582239067163948,1.0467478368104928,1.084465190501276
1,10,path,46,1.5295411135925436,1.5215656102193242,0.5214311208991796
1,10,path,47,1.8037154086585931,1.7970665144926572,0.3686221304102885
1,10,path,48,1.8685706364093884,1.8619901137366968,0.35216879386141997
1,10,path,49,1.355404359834504,1.3408736091575735,1.0720601989730034
1,10,path,50,1.6947202838681767,1.6936451671730193,0.06343918258318916
1,10,path,51,1.3637287030925236,1.361287472719493,0.17901143882170964
1,10,path,52,1.6552200764361806,1.655220340309786,0.0
1,10,path,53,1.7590216191077586,1.7581946733961362,0.04701168550968678
1,10,path,54,1.8771958705459297,1.8655703362056824,0.6193032129815211
1,10,path,55,1.8863534519293117,1.879340159787329,0.3717909883118541
1,10,path,56,1.184533963862617,1.1747607767182298,0.8250660126720208
1,10,path,57,1.894839399102352,1.8653593645333957,1.5558065017500682
1,10,path,58,2.904991975019201,2.8811227309093432,0.8216629964941577
1,10,path,59,1.4436872886270713,1.4103924558130796,2.3062357808563014
1,10,path,60,2.3705407938273995,2.362487044160045,0.33974313744464
1,10,path,61,1.7504255519056542,1.7373677002514283,0.7459815494586488
1,10,path,62,1.1717311883060426,1.1490178089876164,1.9384462532965996
1,10,path,63,1.2695924358060375,1.2626280514598678,0.5485527599058361
1,10,path,64,1.7103525612371204,1.7081077703064356,0.13124726337481976
1,10,path,65,0.7195917751602223,0.7185769309552185,0.14103054537802348
1,10,path,66,1.7824561007407704,1.759035942431141,1.3139262335771538
1,10,path,67,0.6435180021454703,0.6328821728319811,1.6527632914743051
1,10,path,68,2.3333336278413137,2.333281436713209,0.002236762350736012
1,10,path,69,1.974513995722233,1.9609294036771878,0.6879967462614167
1,10,path,70,2.0507588569060706,2.0507369933115256,0.0010661221562646443
1,10,path,71,2.0122584712476783,2.0001688935445756,0.6007964620770958
1,10,path,72,2.905993938544969,2.8931103606282798,0.4433449686801465
1,10,path,73,1.1420644884672162,1.127990681378343,1.2323128186712102
1,10,path,74,1.3276991903705022,1.3120832783062202,1.1761634094183882
1,10,path,75,1.7178471000525726,1.6883871515695485,1.7149342617350776
1,10,path,76,1.7068384454457455,1.6902426960814245,0.972309324798864
1,10,path,77,1.2439991615963009,1.2302399828216317,1.1060440552880562
1,10,path,78,1.6356939312742513,1.6330128974331468,0.16390803865218956
1,10,path,79,1.0053204620916212,1.0020739735971222,0.32293070885520886
1,10,path,80,1.6538195631257406,1.6538195929734603,0.0
1,10,path,81,2.7271115854171315,2.7218256525154754,0.19382899218066318
1,10,path,82,1.5188176575216883,1.5132984967629954,0.3633853432872696
1,10,path,83,0.9653914323770905,0.9479011356124296,1.8117310945669327
1,10,path,84,2.0585453932308804,2.0562656198194382,0.11074681272216427
1,10,path,85,0.6495957192393215,0.6485092305757765,0.1672561304463759
1,10,path,86,2.362827048142449,2.357640267936584,0.21951586384380345
1,10,path,87,2.661191408264316,2.66015328376399,0.03900976446498643
1,10,path,88,3.2790849090371106,3.277582426021829,0.045820192430535124
1,10,path,89,0.7621588383958908,0.7536810187656092,1.1123428874911163
1,10,path,90,3.1686227405133645,3.1665715688961535,0.06473385395443419
1,10,path,91,1.363142896070198,1.3608368156621438,0.16917378322568596
1,10,path,92,1.969091727207172,1.944883094379929,1.2294314425656019
1,10,path,93,2.246614548109318,2.215517847389921,1.3841582547200628
1,10,path,94,2.1734066188504566,2.1716563037965626,0.08053325312958545
1,10,path,95,2.104775994324347,2.08977521929208,0.7127017351355874
1,10,path,96,2.3106978727052248,2.308156904071273,0.10996542057560782
1,10,path,97,1.144394065804188,1.0971506378950686,4.1282482425247915
1,10,path,98,1.668128325971159,1.6429087238049227,1.5118502439885038
1,10,path,99,1.2084914618107825,1.2084916039006042,0.0
1,10,path,100,1.8988072154500844,1.8648205417029684,1.789895965771328
1,10,star,1,1.692745098685089,1.654131652051224,2.2811140710943207
1,10,star,2,1.8672910440074562,1.858281267584729,0.48250520194168994
1,10,star,3,3.952351815662956,3.952351857706254,0.0
1,10,star,4,1.5150177542595489,1.5126790646500055,0.1543671420990333
1,10,star,5,3.1253427068538557,3.110007981012687,0.4906574183861415
1,10,star,6,1.4047612937668092,1.3349958718409127,4.966354229395332
1,10,star,7,1.502158601586657,1.5021587248313426,0.0
1,10,star,8,1.3092171916720863,1.2264812556252884,6.319496610117869
1,10,star,9,2.0118684560710425,2.011868774586061,0.0
1,10,star,10,2.196071343492418,2.1931106316371816,0.13481856425155836
1,10,star,11,0.6664761258260964,0.6088732292258288,8.642904729538346
1,10,star,12,1.1755253899687228,1.1643836204940414,0.9478118949840652
1,10,star,13,1.938385118019839,1.9296055568954977,0.4529317235632764
1,10,star,14,1.7826184378918914,1.7428994854610507,2.228124178823824
1,10,star,15,0.7160167672606075,0.6989414506317548,2.384764911886172
1,10,star,16,1.140349476269035,1.1181188415459538,1.9494580552459038
1,10,star,17,1.3864195932248016,1.341953492936211,3.2072613879585217
1,10,star,18,1.2307482496231938,1.2307485337679893,0.0
1,10,star,19,1.788916618383523,1.7889166810398807,0.0
1,10,star,20,1.365731945947518,1.344919714646736,1.5238884440345135
1,10,star,21,2.390475277563083,2.374948830500671,0.649512973764782
1,10,star,22,2.5315366661401324,2.5315367471123458,0.0
1,10,star,23,3.204487163011822,3.2044872075074085,0.0
1,10,star,24,0.6923305704172138,0.692330666865673,0.0
1,10,star,25,1.2114919144585077,1.1537834351154839,4.763422574620927
1,10,star,26,2.401677338124501,2.39124677962185,0.4343030738174232
1,10,star,27,3.236796694800294,3.236773611683649,0.0007131469419228546
1,10,star,28,1.8123523340215393,1.7819056554719468,1.6799536148709282
1,10,star,29,0.7315639311060462,0.731564113492098,0.0
1,10,star,30,1.8606286962007852,1.8591877696039822,0.07744299546412324
1,10,star,31,1.9797586040053123,1.9797588401701378,0.0
1,10,star,32,2.7712047784360085,2.7549536736125493,0.5864274249927837
1,10,star,33,3.0310564318093594,3.0296313039818092,0.047017528693762856
1,10,star,34,1.7867841987519408,1.7866627758969575,0.006795608281520608
1,10,star,35,1.4530620461317518,1.4492782114702765,0.26040420445557994
1,10,star,36,1.824795787684844,1.7954827583609037,1.606373136203386
1,10,star,37,1.4618574624841367,1.4203918391365837,2.836502491637618
1,10,star,38,1.0644163403456401,1.0032031170360247,5.750872190644697
1,10,star,39,1.6132650083759847,1.5860165061952909,1.6890282773890901
1,10,star,40,2.978545781710299,2.9491718829015023,0.9861825522094256
1,10,star,41,2.8832479175901575,2.877958890905366,0.1834398857109797
1,10,star,42,1.3920652204698145,1.3643775673334342,1.9889623509907026
1,10,star,43,1.28205786182361,1.2546082998443935,2.141054846009217
1,10,star,44,1.343791998287567,1.3437851145229942,0.0005122641436754511
1,10,star,45,1.2293981709572326,1.2165646845673987,1.0438836410372598
1,10,star,46,2.7520625979519946,2.7464833838701486,0.20272845850228546
1,10,star,47,1.9296244528808957,1.927038040597995,0.13403708058525154
1,10,star,48,2.210550693651304,2.1325610429264406,3.5280643393001343
1,10,star,49,0.9425221662899543,0.9422067307132619,0.03346717859528908
1,10,star,50,1.0544472371402624,1.046960654818533,0.7100006579782541
1,10,star,51,1.2650314000442173,1.2216750346184924,3.427295593153617
1,10,star,52,1.1318661795186173,1.1256418541844158,0.5499170703067381
1,10,star,53,1.2794562689108973,1.2794219330070025,0.002683632471785559
1,10,star,54,1.4758106835022764,1.4621963868295629,0.9224961456712834
1,10,star,55,1.1065104193171966,1.0829978885548903,2.1249262864434093
1,10,star,56,1.3727985338870732,1.3532691441166658,1.4225969279782102
1,10,star,57,1.1724934539015521,1.1364557675390898,3.0735938219991277
1,10,star,58,1.1068918180060463,1.0544682973130386,4.736101562973279
1,10,star,59,1.7461631153464579,1.7395582198940118,0.3782519166965419
1,10,star,60,2.4536120266685595,2.41864134150165,1.4252736287077759
1,10,star,61,2.028592740828059,2.003606185773462,1.2317186467106143
1,10,star,62,1.8258907782680471,1.8246716924394166,0.06676663484695798
1,10,star,63,2.443403125373317,2.4232476640177287,0.8248930005157808
1,10,star,64,1.4086722421248685,1.4068783716606954,0.1273447726539433
1,10,star,65,1.7645562341685754,1.7622115239482325,0.13287818064056567
1,10,star,66,1.4047617549503295,1.4014010570647155,0.2392361461842919
1,10,star,67,1.2434537267468047,1.2315928568966885,0.953864996741554
1,10,star,68,3.4080669459228345,3.408067026715909,0.0
1,10,star,69,1.3511749412464809,1.3413417843571516,0.7277486126450835
1,10,star,70,1.8548024493300908,1.8531063847787455,0.09144178949935487
1,10,star,71,1.3947426497358757,1.3759500602557482,1.347387597538965
1,10,star,72,2.4684031715228674,2.4667807342453187,0.06572821232228744
1,10,star,73,1.2739176541271877,1.2727099035521976,0.09480601599933058
1,10,star,74,1.257818991033,1.2186795923137086,3.1116876910204434
1,10,star,75,2.4591662857748378,2.4521769003887517,0.28421768086674304
1,10,star,76,1.1514796356728008,1.1494107663027,0.17967051313868282
1,10,star,77,1.6291443520664708,1.6209364845333702,0.5038146265362773
1,10,star,78,1.4977914636108076,1.4849724851258157,0.8558586957151235
1,10,star,79,0.6930758889398448,0.661978273314123,4.48689907151293
1,10,star,80,1.6495595662199896,1.648787621599795,0.046797013942547025
1,10,star,81,1.7454651269962391,1.730890243458239,0.8350143072226265
1,10,star,82,3.6514349341551826,3.647433318176758,0.1095902309799818
1,10,star,83,1.5987835024509658,1.5987846341601506,0.0
1,10,star,84,1.7427308232496992,1.742450638580653,0.016077334795952476
1,10,star,85,1.541812220313687,1.530035057787734,0.7638519380496908
1,10,star,86,0.8473146864519573,0.8473147115267374,0.0
1,10,star,87,4.8145676957670815,4.814567741537212,0.0
1,10,star,88,1.6695414748968898,1.6695415286093742,0.0
1,10,star,89,1.1788208175517925,1.1686895090125489,0.8594443182878786
1,10,star,90,1.6703596655373891,1.628641813933256,2.4975370553330336
1,10,star,91,1.1167541165136936,1.0369117372656769,7.149503912040221
1,10,star,92,1.3062911401910866,1.301605789163491,0.3586758635529233
1,10,star,93,1.0542061361897492,1.0248553160290579,2.784163282028973
1,10,star,94,1.442494800022834,1.4370160423238092,0.3798112616376851
1,10,star,95,1.4335525793726496,1.4084519437777374,1.7509393067324173
1,10,star,96,2.4900144677278413,2.490014597343807,0.0
1,10,star,97,2.5582265607386336,2.5487042178709745,0.3722243765974273
1,10,star,98,1.140981237668328,1.1296782242285734,0.9906397289102626
1,10,star,99,2.261465762234195,2.2614658560796865,0.0
1,10,star,100,2.2691401515318788,2.2691039231727284,0.0015965677186552641
1,10,complete,1,15.149863632106946,15.023778215845903,0.8322544632931989
1,10,complete,2,11.000813219139463,10.750110854975208,2.278943921419165
1,10,complete,3,4.861911402322988,4.783590710358395,1.6109033152511314
1,10,complete,4,8.987879597641356,8.736109019479027,2.801223307757706
1,10,complete,5,11.555436610948316,11.444967539433778,0.9559921899435059
1,10,complete,6,9.194454784486235,8.958141728273382,2.570169322182999
1,10,complete,7,7.510509873717212,7.331454646426523,2.384062204848267
1,10,complete,8,10.519588985970831,10.38535987439869,1.2759919779294828
1,10,complete,9,7.816420873429702,7.537398074497473,3.569700294423873
1,10,complete,10,10.832067187294989,10.66366797154765,1.5546359973178134
1,10,complete,11,14.06539963744201,13.935538125515537,0.9232692655300189
1,10,complete,12,8.500803544495541,8.136488955261129,4.2856488486940085
1,10,complete,13,12.92918880011534,12.86066095792044,0.5300242981546431
1,10,complete,14,6.857350940721308,6.557890084079343,4.367004973650446
1,10,complete,15,7.274188281822854,7.2437028850986716,0.4190900144880859
1,10,complete,16,15.133916740779286,14.981392717249012,1.0078291439207456
1,10,complete,17,15.719971953655316,15.59415447541603,0.8003670656042746
1,10,complete,18,10.424823959003124,10.324195441359258,0.9652778602267021
1,10,complete,19,7.470840007168219,7.108558876744563,4.849269025652403
1,10,complete,20,10.58838655831954,10.382242117646395,1.9468919040471926
1,10,complete,21,11.298632703871835,11.178007740471672,1.067606732262627
1,10,complete,22,9.514393842912972,9.41644825776355,1.0294464026458048
1,10,complete,23,8.477490662922463,8.326096310639898,1.7858392100000862
1,10,complete,24,8.336176960835214,8.288672136102463,0.5698634392712296
1,10,complete,25,8.945077642898632,8.851807899257611,1.0426935054618072
1,10,complete,26,8.29699156104724,8.219181813916688,0.9378067527012208
1,10,complete,27,7.877783428233749,7.866926655065845,0.13781507535473866
1,10,complete,28,8.2893047888041,8.153610410497503,1.6369814087409644
1,10,complete,29,6.738081388641995,6.6349100212584515,1.5311683168068269
1,10,complete,30,13.878105231547622,13.748476115031172,0.9340548609026056
1,10,complete,31,9.061352781586793,8.991088220671948,0.7754312475023253
1,10,complete,32,11.356501668959593,11.252081043227385,0.9194788040899814
1,10,complete,33,5.806317935810888,5.753553089083206,0.9087488372321366
1,10,complete,34,9.126677301512874,8.915376163071604,2.3152033479505585
1,10,complete,35,10.09294481656295,9.887887542507766,2.0316892421592976
1,10,complete,36,10.136964654345434,10.080281114587047,0.5591766538723035
1,10,complete,37,8.929721944442642,8.829557472099342,1.1216975507914522
1,10,complete,38,9.806911991825128,9.588603037193293,2.226072333613413
1,10,complete,39,9.300948127911656,9.067629407615158,2.5085476995223894
1,10,complete,40,11.20987012588858,11.09132639842496,1.0574942094097104
1,10,complete,41,9.417344144344241,9.325611392513531,0.9740830368379586
1,10,complete,42,6.618156631029503,6.405219910601933,3.217462690882947
1,10,complete,43,10.967756666416669,10.77464499820056,1.7607216688843694
1,10,complete,44,16.75215103728817,16.674290205342714,0.46478110048163823
1,10,complete,45,12.190852429058678,11.905794954880715,2.3382899254730263
1,10,complete,46,11.928262964100297,11.769470069630485,1.3312323424434933
1,10,complete,47,4.678103911130201,4.601814438034219,1.6307776514855339
1,10,complete,48,7.465710237487025,7.272973911008281,2.5816207748188735
1,10,complete,49,8.640442741403005,8.555608954533644,0.9818222214801169
1,10,complete,50,11.098819600613806,10.995617768091565,0.9298451207958569
1,10,complete,51,6.2359805840891385,6.180505413502845,0.8895981929102821
1,10,complete,52,12.870540066971735,12.668611724842451,1.5689189503979744
1,10,complete,53,8.8803197052424,8.64369796713795,2.664563281035512
1,10,complete,54,6.360114171501461,6.173297348603124,2.937318699960297
1,10,complete,55,9.029047808220811,8.877253756384842,1.6811745275926313
1,10,complete,56,11.745333303540397,11.651427474912984,0.7995160818391354
1,10,complete,57,11.931171961442065,11.823944029486528,0.8987208658299864
1,10,complete,58,9.485147688023892,9.379857751255575,1.110050578350593
1,10,complete,59,8.693286325347506,8.622955907817882,0.8090199137299455
1,10,complete,60,5.740038058350364,5.552391055254279,3.269089876906032
1,10,complete,61,10.730273776671638,10.624870885290376,0.9822945208575679
1,10,complete,62,6.568664799461632,6.234474472664862,5.087644704052487
1,10,complete,63,11.400131165729459,11.218141674049445,1.5963806822425173
1,10,complete,64,10.54894448404049,10.239153736503948,2.9366990034427163
1,10,complete,65,10.660698680415878,10.419089197800787,2.2663569232937566
1,10,complete,66,11.87705629065933,11.669669517519456,1.746112572548586
1,10,complete,67,10.5511146354065,10.410038124930047,1.3370768430762932
1,10,complete,68,6.0857300393054725,6.002681718629079,1.3646402344503517
1,10,complete,69,9.34973151989192,9.096385951279817,2.7096560802104324
1,10,complete,70,7.002300130806267,6.871286690363376,1.8710057837496037
1,10,complete,71,11.354852037562813,11.185563567249712,1.4908910283734191
1,10,complete,72,8.98898203255738,8.836727494023062,1.6937906648702235
1,10,complete,73,8.555127817549579,8.289168665075508,3.1087688944692955
1,10,complete,74,8.129405581302795,7.847421146660565,3.4686968416335224
1,10,complete,75,13.047412773669953,12.869140635789368,1.3663409058410656
1,10,complete,76,10.110344056154025,10.05658175701087,0.5317553868053687
1,10,complete,77,6.164647512424224,6.035678151965727,2.0920800451051362
1,10,complete,78,8.338691421749537,8.193093532584836,1.7460520098506482
1,10,complete,79,9.821821032472172,9.627457231217633,1.9788978093975458
1,10,complete,80,9.642114237019868,9.466715346512228,1.819091603729555
1,10,complete,81,6.434140745339717,6.268514910846729,2.574171766648898
1,10,complete,82,9.255220989341758,9.175829681840382,0.8578002361348583
1,10,complete,83,6.280865381513428,6.049952496038619,3.6764501616999885
1,10,complete,84,8.378764969617102,8.160779759244312,2.6016389189008553
1,10,complete,85,12.111885230656606,11.882962690997005,1.8900652978462134
1,10,complete,86,9.952025355240501,9.74064233815663,2.124020081727007
1,10,complete,87,13.875089459355499,13.717118435424617,1.1385225615562973
1,10,complete,88,6.105260867980349,5.991091235171078,1.870020549130754
1,10,complete,89,10.50011215561333,10.305751974678733,1.8510295704859907
1,10,complete,90,7.375945435528327,6.9636468235749405,5.58977307461405
1,10,complete,91,4.843524628790231,4.7362211935696115,2.21539980581085
1,10,complete,92,13.425255783813686,13.283308991128076,1.0573116443468449
1,10,complete,93,7.883120683400692,7.734164645711807,1.8895567335730166
1,10,complete,94,4.859229831824429,4.772768287533543,1.7793260924730432
1,10,complete,95,5.519317324974864,5.469432980385702,0.9038136720901315
1,10,complete,96,7.76449103745956,7.7359408600446455,0.36770185292474855
1,10,complete,97,8.038087146149904,7.8395083986452985,2.4704726870213247
1,10,complete,98,10.67849128898352,10.47778105290099,1.87957484489961
1,10,complete,99,6.07626581390952,5.985112152000602,1.5001592211494819
1,10,complete,100,14.710912561794004,14.575404477915168,0.9211398906058808
1,20,path,1,3.8239545976696707,3.8237683493467247,0.004870568365521482
1,20,path,2,4.004619470874767,3.983044886289212,0.5387424383880872
1,20,path,3,1.7803475266442144,1.756419446282566,1.3440117731817534
1,20,path,4,3.5706170169094094,3.509947514592057,1.6991321676348723
1,20,path,5,4.338393778472992,4.3066360507655075,0.7320157949945763
1,20,path,6,2.9688608383662225,2.9538360023237025,0.5060808458367575
1,20,path,7,3.0633109887002306,3.061305032500334,0.06548326981152383
1,20,path,8,6.568801557958339,6.564374495208918,0.0673952883240469
1,20,path,9,3.7903174574961858,3.749748437608309,1.0703330352354155
1,20,path,10,4.533893173232372,4.499757499786536,0.7528998179174011
1,20,path,11,3.7063042896931533,3.694477513841705,0.31909889008134396
1,20,path,12,3.753022274606333,3.7446688823722942,0.2225777419590416
1,20,path,13,4.874800259444878,4.865112178298829,0.1987380124401636
1,20,path,14,5.42069320451912,5.407817412301961,0.2375303624714354
1,20,path,15,4.334306094601159,4.283556050811509,1.170892010900305
1,20,path,16,1.663055455006996,1.6498832823540868,0.7920465077247741
1,20,path,17,3.9875955090169892,3.8937448617398687,2.3535648754970224
1,20,path,18,3.1173117579559944,3.110348000957815,0.22338981593376556
1,20,path,19,5.445655712038823,5.418128017411138,0.5054982555512862
1,20,path,20,4.03643561137064,3.980690045015413,1.3810592245839934
1,20,path,21,3.990910372138722,3.9590967628085276,0.7971516862992224
1,20,path,22,3.4924226262419706,3.4852225391632428,0.20616310937360835
1,20,path,23,2.9154727892372163,2.8754713841019472,1.3720383631409143
1,20,path,24,3.24505163324403,3.238084985866139,0.2146852551287821
1,20,path,25,5.930635540686996,5.927489421985946,0.05304859284415797
1,20,path,26,4.851399366358965,4.850460390229298,0.01935474816150081
1,20,path,27,4.2575961706352246,4.229273341519956,0.6652305192918865
1,20,path,28,3.2597100272850765,3.243854110904573,0.48642106959770326
1,20,path,29,3.1177880640114126,3.0575931064117494,1.9306943372608556
1,20,path,30,3.52098525456604,3.491531659737304,0.8365157107812404
1,20,path,31,3.814871742579885,3.7799796806705106,0.9146326341702316
1,20,path,32,3.311301715717851,3.311084226491256,0.006568088482017881
1,20,path,33,2.96135236253079,2.9345101257210904,0.9064182009992259
1,20,path,34,4.909568737591075,4.893288044211197,0.331611476487165
1,20,path,35,2.8031259638648542,2.776896382413379,0.9357261068393372
1,20,path,36,3.78311227627322,3.7172502291774716,1.7409487820073268
1,20,path,37,3.451060603988572,3.4432196601318537,0.22720388762968163
1,20,path,38,2.480163348370915,2.4331058187343473,1.8973560619495955
1,20,path,39,3.8549489468628027,3.841829968640733,0.34031522603550673
1,20,path,40,5.85563334215321,5.8225948967165175,0.5642164306780786
1,20,path,41,3.8375428668911065,3.809439619831516,0.7323239904902353
1,20,path,42,2.4246385451210015,2.4101128927427573,0.5990852701518573
1,20,path,43,3.9072583883835286,3.885318322547386,0.561520730273982
1,20,path,44,2.6612572527860197,2.6580175870256966,0.12173440793563044
1,20,path,45,3.363159559353795,3.348689150831128,0.43026232527151903
1,20,path,46,2.944170897738503,2.9380282671097167,0.20863702693021294
1,20,path,47,3.1739786263541823,3.1494145473668502,0.773920743617224
1,20,path,48,3.610985858122868,3.610629258185957,0.00987541770924183
1,20,path,49,5.578501074271164,5.548117862778083,0.5446483040616789
1,20,path,50,5.025711908490594,5.0167343487479865,0.17863259785027952
1,20,path,51,4.506988951390967,4.449897650590562,1.2667282173564025
1,20,path,52,3.1392475553399968,3.1363557018904826,0.09211931835687756
1,20,path,53,4.885973246927177,4.864610466309865,0.43722672101709126
1,20,path,54,3.5428273786027633,3.4854886097919517,1.618446587522565
1,20,path,55,4.422478441314222,4.362248511159841,1.3619044378310898
1,20,path,56,3.0840345218280625,3.0800960213534,0.12770610856612036
1,20,path,57,4.663495896385307,4.657700727018769,0.12426663377209221
1,20,path,58,4.847812485902476,4.844266983681263,0.07313612544881538
1,20,path,59,3.7863456035650906,3.76692474167769,0.512918363001908
1,20,path,60,4.212738181719165,4.197502827010857,0.3616496931715412
1,20,path,61,4.404792624650476,4.402066959469169,0.061879534715292506
1,20,path,62,3.714050083298173,3.6304758812082527,2.2502174234469217
1,20,path,63,3.723841865974057,3.662933224586099,1.6356398466997255
1,20,path,64,6.119224306081708,6.105991596458108,0.21624815436898848
1,20,path,65,4.1366181356387575,4.1328359002326,0.09143303254347447
1,20,path,66,2.211581982111002,2.1543409795809745,2.588237876462977
1,20,path,67,4.020235139803987,4.003250778338314,0.42247184244303915
1,20,path,68,4.882397850887097,4.857617533082941,0.5075440093365952
1,20,path,69,3.723102176621593,3.7090484802772257,0.3774727546456895
1,20,path,70,3.696998912773192,3.6239166384581227,1.9767999947895234
1,20,path,71,3.0954753940987736,3.0942746576885893,0.03879004861331943
1,20,path,72,5.10106131512726,5.094570446512746,0.1272454537110783
1,20,path,73,3.809016295689724,3.7874199199334235,0.5669803980817537
1,20,path,74,3.968059645664575,3.950146756050047,0.4514269243432121
1,20,path,75,2.870788491800709,2.852110128012544,0.6506353164474786
1,20,path,76,4.5006630504311165,4.477781622637662,0.5084012630375209
1,20,path,77,4.108109536538922,4.097247992155654,0.2643927647659393
1,20,path,78,3.456279282115763,3.442938519829857,0.38598623539875826
1,20,path,79,4.721487489123557,4.704809952979537,0.353226312310237
1,20,path,80,2.79879329168177,2.7942618008302516,0.16190873634671576
1,20,path,81,4.6475706898157885,4.646105412972244,0.031527801110265985
1,20,path,82,4.475823883689976,4.463004273162015,0.2864190115852413
1,20,path,83,3.6233375711469487,3.609483783041914,0.38234881053738906
1,20,path,84,4.3040669639636935,4.268492871486346,0.8265227463976601
1,20,path,85,3.1348911998737354,3.115120596134887,0.6306631547418564
1,20,path,86,2.7838670496432005,2.765188083863041,0.670971905161685
1,20,path,87,4.531616152249008,4.530969678133467,0.014265862196193893
1,20,path,88,6.1769926303186065,6.171599613425188,0.08730813222842873
1,20,path,89,3.353991873608649,3.348773561800469,0.155585105892514
1,20,path,90,4.491540799150318,4.48643727881655,0.11362515809126357
1,20,path,91,3.463128218235564,3.418901678178607,1.2770690910049556
1,20,path,92,5.365281295342945,5.3318995384540795,0.6221809268013775
1,20,path,93,4.024326090426361,3.9989025945082526,0.6317454238757977
1,20,path,94,2.9431967513552735,2.8914103081993705,1.7595304538188459
1,20,path,95,4.2297371065868425,4.203788474141779,0.613480975086015
1,20,path,96,3.6716900568460087,3.6463074831968587,0.6913049101686343
1,20,path,97,3.736428212413599,3.7350961578089406,0.03565048032323308
1,20,path,98,3.232763458824774,3.2188852779321797,0.42929775312541774
1,20,path,99,3.8386783445067887,3.8308134286764797,0.20488603431865654
1,20,path,100,2.8430512773726755,2.804441887484009,1.3580265046906266
1,20,star,1,2.3044723736819086,2.2597188738329224,1.9420280477254126
1,20,star,2,3.1989796616684067,3.126440927527023,2.2675584659250942
1,20,star,3,7.07906031462648,7.079060352704758,0.0
1,20,star,4,5.5348206221781275,5.532740229400865,0.03758735683188001
1,20,star,5,3.8906925732320436,3.8750960847886504,0.4008666362050046
1,20,star,6,4.737674742954622,4.72044666199863,0.36364001099088084
1,20,star,7,2.5736225279664433,2.5142654916993274,2.3063613883585727
1,20,star,8,6.658994639369805,6.6589946997374305,0.0
1,20,star,9,4.139167075140838,4.110772786209962,0.6859904037555674
1,20,star,10,5.191607871048586,5.179400929425354,0.23512834417454276
1,20,star,11,3.164041714816436,3.0761719192993984,2.7771377066732312
1,20,star,12,3.835092285997164,3.822013269128848,0.34103525790162925
1,20,star,13,3.425707655874623,3.4048782296302136,0.6080328018851783
1,20,star,14,2.402859746635751,2.4025026031214756,0.014863269268018271
1,20,star,15,2.67211952871656,2.5950522068177078,2.8841270411233624
1,20,star,16,2.841444581421527,2.5791943792150187,9.229467430799193
1,20,star,17,4.19603159007877,4.14937524785458,1.111915895354709
1,20,star,18,3.3727098181924444,3.3477829552034937,0.7390752342373156
1,20,star,19,6.284424168857877,6.284424326756819,0.0
1,20,star,20,3.0979045244992625,3.0432368561865935,1.7646660147315336
1,20,star,21,4.363050783347296,4.363050833174983,0.0
1,20,star,22,2.717444432871246,2.634387555956306,3.0564333132354826
1,20,star,23,3.372854071530006,3.334084172375589,1.1494686201122848
1,20,star,24,4.984150110536018,4.957932599427213,0.5260176866138857
1,20,star,25,3.116822647217671,3.068584469056701,1.5476715752187984
1,20,star,26,2.002395315056698,1.9687585148123048,1.6798281533854251
1,20,star,27,2.797836922975856,2.749558882021503,1.7255487822715276
1,20,star,28,4.229069742568394,4.188780721313621,0.9526686412673163
1,20,star,29,1.5804888663002452,1.4316637649386894,9.41639669439364
1,20,star,30,4.591522735922241,4.589982849395195,0.03353759995563723
1,20,star,31,4.041292607153842,3.993121140223745,1.1919816655894881
1,20,star,32,2.230878427221063,2.136343503608755,4.237565008419915
1,20,star,33,5.9553840368393445,5.954750723446993,0.010634299793835705
1,20,star,34,4.408575266338961,4.400569185488088,0.1816024535636693
1,20,star,35,4.581703191336226,4.564911369772396,0.3664973670835413
1,20,star,36,5.119938047420827,5.101168561509402,0.3665959575600692
1,20,star,37,4.9404150004521314,4.93383988357272,0.13308835146055478
1,20,star,38,1.8139112474659171,1.6594790267769635,8.513769397742015
1,20,star,39,6.6259694035049606,6.611524147005284,0.2180097072593743
1,20,star,40,2.0191945154509385,2.0070316375410315,0.6023628638467609
1,20,star,41,5.577772578765196,5.557926313444716,0.3558098692663812
1,20,star,42,4.960156612730855,4.9169346516168995,0.8713829922833682
1,20,star,43,5.557709501562397,5.557709518779297,0.0
1,20,star,44,3.0414238472498947,3.0247596267276817,0.5479085243998796
1,20,star,45,6.111137090620171,6.107462477864124,0.06012977129390598
1,20,star,46,1.7279798722525936,1.6919300156063963,2.086242856475101
1,20,star,47,4.989019461704143,4.989019484358756,0.0
1,20,star,48,4.715806711532487,4.715807219613804,0.0
1,20,star,49,2.550450955499416,2.3762333708415606,6.830854139037585
1,20,star,50,5.498728157233246,5.452442091198619,0.8417594889418273
1,20,star,51,4.552740431657988,4.552656446172912,0.0018447237732206094
1,20,star,52,3.3426946867158573,3.2895841919830966,1.58885269850777
1,20,star,53,3.465618677702004,3.4277511680006754,1.0926623273636644
1,20,star,54,2.3019578579355304,2.2982207843389624,0.16234326721860928
1,20,star,55,5.279491236910697,5.2494721009063445,0.568599030802041
1,20,star,56,2.384222638003499,2.2514180345559502,5.57014270943912
1,20,star,57,6.450202133783101,6.4502023607679835,0.0
1,20,star,58,5.9328200137933464,5.907870823680022,0.42052835001432026
1,20,star,59,3.1386000573111925,3.0792070285848108,1.89234141470268
1,20,star,60,3.9546649392865465,3.9453021134570996,0.2367539595184023
1,20,star,61,2.3241034850745503,2.226206979027594,4.212226636019011
1,20,star,62,4.611099366338826,4.5841278641272805,0.5849256341869056
1,20,star,63,4.540269547283823,4.462074239612364,1.7222613516027623
1,20,star,64,2.233646062690191,2.1930325946661564,1.8182588863304516
1,20,star,65,3.8841335472151286,3.8248917152696618,1.525226443049118
1,20,star,66,3.3171975032280994,3.271847878299462,1.3671065676525316
1,20,star,67,7.970565763758146,7.950861671615186,0.24721070908860218
1,20,star,68,4.249114662971806,4.208630270873106,0.9527724081323288
1,20,star,69,6.434196772346366,6.4341967740821815,0.0
1,20,star,70,4.549436599508058,4.542999796050717,0.1414857272225194
1,20,star,71,5.98689014313592,5.968212731017099,0.3119718530368412
1,20,star,72,6.771164841800731,6.742507887244349,0.42322045358389343
1,20,star,73,3.6953548999766714,3.674164177747212,0.5734421402824771
1,20,star,74,2.9253278105284553,2.9139772250923364,0.388010717816559
1,20,star,75,3.1725993618481647,3.1096645850272555,1.9836975817913296
1,20,star,76,5.9302313651090195,5.930190436297712,0.000690172251086983
1,20,star,77,3.7947043051739815,3.7947056400812578,0.0
1,20,star,78,3.2158125309156174,3.183580165713282,1.0023085889636176
1,20,star,79,2.6028510814415777,2.4902150285674804,4.327410572091366
1,20,star,80,2.969721562691514,2.969201603776473,0.017508675613684774
1,20,star,81,3.075187500469177,3.0691840886836714,0.19522099984438415
1,20,star,82,4.835884435209774,4.835739964823687,0.0029874656440347183
1,20,star,83,7.403036108022623,7.390455007223619,0.1699451497388984
1,20,star,84,5.596209791399483,5.541956791798982,0.9694597168940942
1,20,star,85,4.654031122362663,4.557591740530553,2.0721688208898725
1,20,star,86,3.278154095771527,3.235672599769759,1.2958968602654994
1,20,star,87,2.5003285312408625,2.4729043268095525,1.0968240408671381
1,20,star,88,2.0106978586518744,1.9802500455578618,1.5142908201248704
1,20,star,89,4.821895753401287,4.821895866830606,0.0
1,20,star,90,4.0613219285098054,3.9954382769645944,1.6222218456192488
1,20,star,91,3.1988150185923585,3.1724955706254354,0.8227874326570153
1,20,star,92,2.0423972472598266,2.0130328166560427,1.4377433500353847
1,20,star,93,4.061075502084561,4.012476834801971,1.1966945026667044
1,20,star,94,5.125796262428418,5.0982786462299545,0.536845687764939
1,20,star,95,1.963830431429875,1.825129717369631,7.062764271315175
1,20,star,96,5.685106689731597,5.658691023676058,0.46464679551663457
1,20,star,97,2.108893313981817,1.9697925411125898,6.595913218890627
1,20,star,98,4.625939032326355,4.59676230707055,0.6307200560127487
1,20,star,99,3.7340043459123375,3.712833298518404,0.5669797202327768
1,20,star,100,2.211016863475982,2.123030540217259,3.979450573723723
1,20,complete,1,35.097723410194206,33.98206205938436,3.1787285396573566
1,20,complete,2,41.65156339723859,40.59072718563008,2.546930115182283
1,20,complete,3,45.04449495529499,44.244225001704805,1.7766209930523582
1,20,complete,4,40.76032976434166,39.893966743613,2.1255054258333868
1,20,complete,5,42.29992430513806,41.15197535406524,2.713832163840023
1,20,complete,6,38.24078724781019,37.47872951152659,1.9927877827024596
1,20,complete,7,55.59724300140311,54.684662031681654,1.6414140710150371
1,20,complete,8,43.83541876180242,42.91845651035377,2.091829569215112
1,20,complete,9,36.43792596085438,35.68231933518293,2.073681763564707
1,20,complete,10,51.76452998887204,50.88918938098939,1.6910046475276082
1,20,complete,11,43.4896984197117,42.364781677610345,2.586628059006008
1,20,complete,12,47.50315906615658,46.87462757025573,1.3231362045322141
1,20,complete,13,30.166128254265924,29.367797031913213,2.6464490756775056
1,20,complete,14,52.43544742799948,51.65660561030806,1.4853345511371168
1,20,complete,15,29.774557533254825,28.856669272077145,3.0827939597507106
1,20,complete,16,23.156550052224247,22.76857912048822,1.6754263085867682
1,20,complete,17,42.47816855270142,41.679007680096596,1.8813449351360976
1,20,complete,18,48.6479282362535,47.87730094567701,1.5840906663774506
1,20,complete,19,33.11573440441964,32.52714732114709,1.7773638237477742
1,20,complete,20,54.61776289232242,53.94838810986002,1.2255624306364477
1,20,complete,21,47.43876682775864,46.26645415285749,2.4712123718510637
1,20,complete,22,40.000629132210165,38.84245660697274,2.8953857735822885
1,20,complete,23,52.841270389056106,52.007951771327214,1.5770223001706634
1,20,complete,24,47.71285706224932,47.032003394059885,1.426981551956004
1,20,complete,25,52.36484220892057,51.46320158387722,1.7218434869832393
1,20,complete,26,31.66796234533308,30.76079801185865,2.8646122651718997
1,20,complete,27,29.007263404383693,27.817381095537492,4.102015044502203
1,20,complete,28,37.09494722414114,35.82526507377541,3.4227900169094303
1,20,complete,29,40.55018116170456,39.538464321445936,2.4949748959792153
1,20,complete,30,30.513525468663186,29.19488282145959,4.321502110786304
1,20,complete,31,42.85398323681156,42.05154581930118,1.8724920226810617
1,20,complete,32,42.79630897385661,41.46860250206893,3.102385471136651
1,20,complete,33,31.34722116125818,30.458413055354768,2.8353648999097993
1,20,complete,34,40.95109807161627,40.36367349976842,1.4344537741590042
1,20,complete,35,45.689088835846256,44.64647708649864,2.281970982379524
1,20,complete,36,32.28236866069874,31.588570454458758,2.1491552046012785
1,20,complete,37,28.95669262949672,28.26268188790668,2.396719647751096
1,20,complete,38,33.28959518216131,32.713935851867156,1.7292470129003736
1,20,complete,39,41.679476202601506,40.743893910387115,2.244707413467915
1,20,complete,40,31.323152483388427,30.447695306111694,2.7949203955157866
1,20,complete,41,42.702138518708566,42.067409827889364,1.4864096104721216
1,20,complete,42,40.35312270660741,40.01327641541027,0.8421808980386403
1,20,complete,43,49.76978989030666,48.68374422448057,2.1821383377742842
1,20,complete,44,40.87473283885714,39.84151168828327,2.5277746882094645
1,20,complete,45,43.18683802619108,42.27512940860291,2.111079808702968
1,20,complete,46,40.60791654388821,39.500374852360224,2.72740338778764
1,20,complete,47,31.505428778819343,30.274312134495187,3.90763335730831
1,20,complete,48,46.17942091379271,45.26506504335598,1.9800072247411675
1,20,complete,49,34.52340854889044,33.88359144909362,1.8532848484260644
1,20,complete,50,44.64874039588093,43.56277884002369,2.432233353569419
1,20,complete,51,40.44838112057003,39.94814947722186,1.2367161045507937
1,20,complete,52,37.108729881963896,36.60918961956291,1.3461529510439474
1,20,complete,53,32.61783679504884,31.789341256182354,2.5400076162998153
1,20,complete,54,45.29309361841914,44.423822803029765,1.919212723053819
1,20,complete,55,46.015124981447656,45.18067234865112,1.8134311992697358
1,20,complete,56,46.17967796489758,44.813526128630755,2.9583398942393497
1,20,complete,57,56.76676660257462,56.08012956065653,1.2095757482987373
1,20,complete,58,37.25568252140569,36.254449265378504,2.687464537663252
1,20,complete,59,35.16383983170614,34.404006134480674,2.160838238548535
1,20,complete,60,27.42822282104069,26.753215376373824,2.460995920410334
1,20,complete,61,42.18200617824507,41.836628887495685,0.8187787211683345
1,20,complete,62,41.91366389198465,41.07021618294686,2.012345451858925
1,20,complete,63,46.614998101906224,45.72348790342389,1.9124964813543135
1,20,complete,64,35.621726083642805,34.5966915687229,2.8775543119753233
1,20,complete,65,39.729039900093056,38.98827429073492,1.8645444521713703
1,20,complete,66,54.27589282507991,53.325658721234475,1.7507479921294742
1,20,complete,67,46.591272818234216,45.80979962498458,1.6772952228594127
1,20,complete,68,51.58020156958541,50.73269492312447,1.6430851773962052
1,20,complete,69,26.063731041787815,25.367823001510335,2.6700246375384062
1,20,complete,70,34.832158836175765,33.788987208869706,2.994852062464323
1,20,complete,71,46.5355064608878,45.809888733937285,1.5592775971190622
1,20,complete,72,39.42712330638459,38.97966808604556,1.134891878522043
1,20,complete,73,52.40642642616379,51.37062594660517,1.9764760740135028
1,20,complete,74,43.27566093012319,42.65440696726865,1.4355735984198408
1,20,complete,75,55.898498201203004,55.16998841294705,1.3032725595484371
1,20,complete,76,48.342206755048686,47.42812702097056,1.890852311955465
1,20,complete,77,50.13731673977353,49.49734449149178,1.2764389678119055
1,20,complete,78,35.17354781419545,33.86192733567756,3.7289968172859354
1,20,complete,79,45.19684355167094,44.44188007403283,1.670389828827318
1,20,complete,80,36.93484799565225,35.84289408361229,2.956432668055093
1,20,complete,81,34.93595569582935,33.95435716997511,2.809708526082833
1,20,complete,82,39.34585861966615,38.51523334283111,2.1110869249651443
1,20,complete,83,44.31917491022788,43.74008567571266,1.3066336087894428
1,20,complete,84,31.47542759678113,30.133408462005633,4.263704220217618
1,20,complete,85,36.53986508060083,35.38982479533193,3.1473577768612557
1,20,complete,86,58.65049038021735,58.12117359124218,0.9024933731052024
1,20,complete,87,38.11606342131366,37.20614032873944,2.3872430962149567
1,20,complete,88,50.98227114193498,50.076501824390704,1.7766358721497688
1,20,complete,89,44.03978735920229,43.36884192193117,1.523498357970444
1,20,complete,90,46.71551043526235,45.64039547432802,2.3014089986755337
1,20,complete,91,41.916337471277345,40.98642703383559,2.2184916277071323
1,20,complete,92,52.49387017897675,51.84993937342843,1.2266780927998904
1,20,complete,93,33.636773961387895,33.34186725989608,0.8767389578749314
1,20,complete,94,48.20304537320186,47.39164282311015,1.6833014258945558
1,20,complete,95,36.87194826150211,35.98990401061547,2.3921823838302116
1,20,complete,96,44.75996989685271,43.85091393094929,2.0309575006379528
1,20,complete,97,33.81552206286725,32.650992204939115,3.4437731162722605
1,20,complete,98,38.2357247523381,37.24448413519908,2.5924462621266415
1,20,complete,99,47.32639177793309,46.73346813480055,1.2528393161994644
1,20,complete,100,34.18410167711326,33.209728278289155,2.850370058068435
1,50,path,1,7.354849725521003,7.307775588519953,0.6400421321689922
1,50,path,2,10.730508555263683,10.649254151426549,0.7572278929620332
1,50,path,3,11.55131498046794,11.49013097774749,0.5296713216106078
1,50,path,4,7.237557991010599,7.176950394370762,0.8374039519284527
1,50,path,5,11.956075251226917,11.884344823184628,0.5999496200471595
1,50,path,6,11.631486413485712,11.60361132109151,0.23965202213436454
1,50,path,7,9.753725742280022,9.607596937540224,1.4981844743323547
1,50,path,8,10.33679193098723,10.284214248365576,0.5086460380811121
1,50,path,9,14.007653108310645,13.968414227616371,0.2801245889719663
1,50,path,10,10.002708676880482,9.940093656905487,0.6259806418207379
1,50,path,11,9.081468792226598,9.03085795675345,0.5572979066609619
1,50,path,12,10.541658482280283,10.428462832161784,1.0737935620734813
1,50,path,13,7.638422470403482,7.570915408032951,0.88378277886697
1,50,path,14,14.997074360368234,14.972626099454285,0.1630202019839107
1,50,path,15,9.738980963236667,9.723116899770888,0.16289243736756076
1,50,path,16,8.485543614773253,8.384423513871628,1.191674988572041
1,50,path,17,11.848661077816708,11.747619883611222,0.8527646587398565
1,50,path,18,11.057469279299058,11.007926225887775,0.44805056346874134
1,50,path,19,11.80232959042716,11.699075245533756,0.8748641029068835
1,50,path,20,12.136082704491944,12.099108793493548,0.30466100057732154
1,50,path,21,10.528971127645114,10.45405200854816,0.7115521373236995
1,50,path,22,9.593962536257287,9.557787446307376,0.3770609882329498
1,50,path,23,11.858708228846927,11.811759369627753,0.3959019676778025
1,50,path,24,11.646378000667541,11.629821140817093,0.14216316737700935
1,50,path,25,8.534824360606814,8.451232116631605,0.9794254743077802
1,50,path,26,9.442498455572728,9.396967137836217,0.4821956598747428
1,50,path,27,10.203727518101994,10.173292341372775,0.2982750830539609
1,50,path,28,8.711473836817058,8.658512229869286,0.6079523159897663
1,50,path,29,9.075859769972602,9.037789429217542,0.4194681464891762
1,50,path,30,11.035293648880794,11.024765839647712,0.09540126042907603
1,50,path,31,13.153954583014201,13.114723699119349,0.2982440272791532
1,50,path,32,12.570119988336735,12.523490544573155,0.3709546432877756
1,50,path,33,9.782061702946983,9.729890360156702,0.5333368810642819
1,50,path,34,9.356553747710329,9.301780667964993,0.5853980132240485
1,50,path,35,8.61996941698212,8.540904002366977,0.9172354423830802
1,50,path,36,12.627553823138637,12.58283863815023,0.3541080530298045
1,50,path,37,11.502481706312587,11.422715643868544,0.6934682834597892
1,50,path,38,13.155868158610613,13.110042392682427,0.34832947074034215
1,50,path,39,11.738546847903054,11.676283885027058,0.5304145707534388
1,50,path,40,12.375659599300402,12.349827384384973,0.2087340453101115
1,50,path,41,10.921590278257092,10.829227637172977,0.8456885740164825
1,50,path,42,11.953679190074244,11.898847964131976,0.45869748610784894
1,50,path,43,6.916215918909911,6.889948800875355,0.3797903122535281
1,50,path,44,11.045949774271309,11.004915301206307,0.37148886156065364
1,50,path,45,10.241734846891088,10.200239177538652,0.4051625039387944
1,50,path,46,7.8527999398670545,7.774500603898749,0.9970881286659985
1,50,path,47,10.806624515474866,10.751137123945513,0.5134571988681158
1,50,path,48,10.348563120395609,10.312764293743165,0.34593040826981514
1,50,path,49,9.164216196948617,9.118341957569614,0.5005800648207959
1,50,path,50,9.668008459364353,9.58335226382577,0.875632203823592
1,50,path,51,8.678885623700308,8.540231846055057,1.5975988583904728
1,50,path,52,14.093012798189935,14.089533120327596,0.024690801833274986
1,50,path,53,7.899520044502157,7.818955339584194,1.0198683523062104
1,50,path,54,11.58319758509785,11.548462145606376,0.2998778121178049
1,50,path,55,10.080110242806,10.019259426310128,0.6036721328449782
1,50,path,56,7.780054173414815,7.700807101883222,1.0185927985230168
1,50,path,57,10.266806362351659,10.23423861049322,0.3172140460140037
1,50,path,58,8.708006107879303,8.680798837071594,0.31243973041189393
1,50,path,59,8.151354078154242,8.045207600217946,1.3021944197071498
1,50,path,60,11.396126684047267,11.365455968241806,0.2691328085041017
1,50,path,61,10.074704660458409,10.011099720256784,0.6313330499033277
1,50,path,62,6.401080489224839,6.303691357579399,1.5214483212541783
1,50,path,63,9.580344531285235,9.529647396041407,0.5291786227340087
1,50,path,64,10.643465878733254,10.568673189643523,0.7027099061704609
1,50,path,65,9.803729473469826,9.739725352338132,0.6528548273888755
1,50,path,66,10.319259397830278,10.246516955604747,0.7049192138810418
1,50,path,67,11.212810685615086,11.141743654986879,0.6338021092194015
1,50,path,68,10.557332449001043,10.516626824183618,0.38556732975929914
1,50,path,69,11.216015387254043,11.105080108137315,0.9890792343490821
1,50,path,70,9.195875258626458,9.128680923472048,0.7307008116641878
1,50,path,71,11.108874407905489,11.037733164554199,0.6404001048086687
1,50,path,72,9.504152220862371,9.459667519043604,0.46805544339998917
1,50,path,73,10.489269122801108,10.427127822697246,0.5924273595839219
1,50,path,74,9.42034797815267,9.355221714381996,0.6913360729530635
1,50,path,75,10.34447056675257,10.288326362093875,0.5427460428873391
1,50,path,76,9.680157706917939,9.64289442309685,0.38494500760518
1,50,path,77,12.960256728637058,12.899912666419521,0.4656085406410202
1,50,path,78,9.753860539709489,9.7019479264776,0.5322263222910102
1,50,path,79,8.915691016696428,8.801141271799475,1.2848106185200425
1,50,path,80,9.701590634248433,9.624201289207521,0.7976974906332644
1,50,path,81,9.156983634556685,9.038116134082024,1.298107599822257
1,50,path,82,11.250904587413281,11.205425574651402,0.4042253883546186
1,50,path,83,7.62048692761387,7.564395067841589,0.7360666097204878
1,50,path,84,10.433347396206944,10.368302650186987,0.6234312301687983
1,50,path,85,6.287481477543595,6.135031275702447,2.4246624405279
1,50,path,86,8.272927202262675,8.188806791326847,1.0168155584980945
1,50,path,87,7.690171689111077,7.619119888182334,0.9239299693314865
1,50,path,88,9.880662354674906,9.696988068294472,1.8589268592254937
1,50,path,89,11.309663555662624,11.296841190828149,0.11337529866708893
1,50,path,90,8.66934315431648,8.549495686277453,1.382428471289131
1,50,path,91,11.048225015338199,11.018674961334892,0.2674642665431137
1,50,path,92,11.185207530165394,11.172730288090793,0.11155127914212586
1,50,path,93,10.448024151398366,10.392969964265175,0.526933957420288
1,50,path,94,10.376278314442317,10.304720548787937,0.68962843406755
1,50,path,95,7.640086956155439,7.574413756159002,0.8595870750335655
1,50,path,96,8.09702660837161,8.024157741131114,0.8999460019701064
1,50,path,97,11.212765681105637,11.144400934764125,0.6097045839164535
1,50,path,98,9.83327899980313,9.72145165077452,1.1372335619771132
1,50,path,99,10.41403986096173,10.406964315982831,0.06794236505106416
1,50,path,100,10.804418952405051,10.768794537559458,0.3297207837138055
1,50,star,1,10.08543622284755,9.997690834548669,0.8700207542843074
1,50,star,2,9.115124457192099,9.102388337614556,0.13972513087842336
1,50,star,3,9.53385307378359,9.380695262477467,1.6064628867344288
1,50,star,4,6.958143745437419,6.8232640269429545,1.9384439791561885
1,50,star,5,7.434675778489693,7.2048903675312275,3.0907253766638982
1,50,star,6,10.555933568295258,10.430360062353436,1.189601138822823
1,50,star,7,4.808466834213265,4.53129245691912,5.764298410503534
1,50,star,8,15.015782060161534,14.995080383230945,0.1378661254381983
1,50,star,9,6.876241838114873,6.755738138205601,1.7524645401696388
1,50,star,10,20.511900571971854,20.500459222110464,0.05577908210525879
1,50,star,11,6.14490950372783,6.001528845126147,2.3333241688051007
1,50,star,12,11.535189648712763,11.51820446992533,0.1472466366370344
1,50,star,13,7.006972744864145,6.758530109846765,3.545648656896507
1,50,star,14,15.227544674380106,15.227544414723543,1.7051768257456695e-06
1,50,star,15,18.256867790354157,18.25686831989184,0.0
1,50,star,16,6.591550679147223,6.289293531470622,4.5855241412739165
1,50,star,17,7.571995045194587,7.48022334429974,1.2119883907357771
1,50,star,18,5.546750822473654,5.102160012644252,8.015337700551868
1,50,star,19,8.812320036112494,8.686894393740607,1.42329876647578
1,50,star,20,14.28846711715745,14.288467283204945,0.0
1,50,star,21,11.049141295047164,10.99612198690403,0.4798500329333386
1,50,star,22,8.345552887170793,8.098388118421258,2.9616344428119206
1,50,star,23,6.5908367554837115,6.548244080710662,0.6462407787237616
1,50,star,24,14.736155029049254,14.69722188550948,0.26420150618004073
1,50,star,25,8.123799548579521,7.904477387536714,2.6997485564640367
1,50,star,26,7.898297479166276,7.654124734049323,3.091460479439008
1,50,star,27,13.22216319601124,13.134437568162017,0.6634740968534303
1,50,star,28,8.574021382344794,8.528613893744627,0.5295938343898733
1,50,star,29,5.974310868556923,5.684226119766519,4.855534892185368
1,50,star,30,8.923435277836147,8.846173305197171,0.8658321625403321
1,50,star,31,18.018028664172657,18.00695161189179,0.06147760383406234
1,50,star,32,5.987597358235905,5.882490762309917,1.755405209092998
1,50,star,33,16.133763108865054,16.09534386508235,0.23812946504461213
1,50,star,34,11.761158319963675,11.666097913320165,0.8082571806056915
1,50,star,35,6.2934328836611755,6.1656093861553565,2.0310615822672964
1,50,star,36,11.430975429082789,11.339017347224438,0.8044639972227622
1,50,star,37,5.911509940643207,5.637272328313407,4.63904510156268
1,50,star,38,8.969190262936056,8.929542416083866,0.44204488576889545
1,50,star,39,6.42352126277501,6.208741737787595,3.3436415355559688
1,50,star,40,15.333610695354388,15.312875703961815,0.135225758658752
1,50,star,41,16.208470749811166,16.203932799701793,0.027997398270446214
1,50,star,42,5.5924292256334205,5.18854657038878,7.2219538048582965
1,50,star,43,11.235884997699362,11.197863901212656,0.33838986866179654
1,50,star,44,17.02431530408613,17.02111729304055,0.01878496132418459
1,50,star,45,6.42348233381064,5.99014198503105,6.746190403586233
1,50,star,46,11.289064004505718,11.202689878647147,0.7651132620392355
1,50,star,47,13.696334107277542,13.63482239070458,0.4491108065206875
1,50,star,48,7.956953500364957,7.935444700689928,0.270314507606996
1,50,star,49,7.00469937871443,6.769815231896496,3.353236650407717
1,50,star,50,5.223453385976271,5.019093229024323,3.912357244358802
1,50,star,51,8.104195934249255,7.971379524208138,1.6388598093960116
1,50,star,52,10.429631579227202,10.340379744305688,0.8557525186151145
1,50,star,53,6.507421085139658,6.285165077927319,3.4154237800882843
1,50,star,54,10.776135990483947,10.625295943058338,1.3997600583252732
1,50,star,55,19.03271875070671,19.02964902762321,0.016128663086480276
1,50,star,56,5.204548314251025,4.985889488505835,4.201302640355193
1,50,star,57,11.265443195618936,11.046661843139796,1.9420572158601082
1,50,star,58,13.258032033536566,13.161880082232589,0.7252354728119357
1,50,star,59,12.796333939403999,12.751379827280592,0.35130461846559197
1,50,star,60,5.789368143023115,5.4963843478410475,5.060721445658073
1,50,star,61,16.361444342118748,16.339220419678043,0.13583105486289582
1,50,star,62,6.773157809687053,6.732819799507608,0.5955569220866689
1,50,star,63,15.315757500178343,15.177182748047807,0.9047854938217859
1,50,star,64,8.521591793298823,8.451917920429473,0.8176157056025599
1,50,star,65,8.682008196721867,8.576597928088587,1.2141231181177718
1,50,star,66,5.485807649781092,5.270207775451038,3.9301391535056474
1,50,star,67,5.711968522333052,5.478275944817882,4.09127915536409
1,50,star,68,5.804141366519374,5.334475564587933,8.091908385289559
1,50,star,69,14.253016755875844,14.248342203064452,0.03279693619573998
1,50,star,70,13.03999041297413,12.95944984980656,0.6176428096713678
1,50,star,71,20.066353196914857,20.05763592335969,0.04344224119660708
1,50,star,72,21.696815255371245,21.6967122549787,0.00047472585876509783
1,50,star,73,7.0668618425672465,6.882026460842346,2.615522785680402
1,50,star,74,19.16277917438752,19.156761211208334,0.03140443838767177
1,50,star,75,14.21318458780759,14.191929804267662,0.14954272498620688
1,50,star,76,8.007802245111108,7.691296270528575,3.952469914897875
1,50,star,77,6.3106938953662555,5.991980983388964,5.050362404858719
1,50,star,78,13.768111873196938,13.699447797869784,0.49871816818126014
1,50,star,79,14.284882204162102,14.28488222276914,0.0
1,50,star,80,6.369828293076586,6.264889512963033,1.647434990164677
1,50,star,81,10.37223590152779,10.208182401284976,1.581659941022446
1,50,star,82,8.85659350343537,8.723768894929625,1.4997256953728724
1,50,star,83,6.6149304581321875,6.415759588417026,3.0109291545205488
1,50,star,84,8.679176980010894,8.63099759767043,0.5551146433749056
1,50,star,85,6.495839722435294,6.318955058153549,2.723045392743009
1,50,star,86,8.972658286718596,8.893381716055849,0.8835349361302798
1,50,star,87,7.365252354017673,7.125507989437724,3.2550733234438476
1,50,star,88,15.23447762407781,15.216670058182665,0.11688990154149288
1,50,star,89,6.663630878194291,6.1859453739733095,7.16854689211754
1,50,star,90,12.3153486361782,12.212562489463284,0.8346182455035496
1,50,star,91,11.194253653388134,11.180892306298198,0.11935898098836564
1,50,star,92,9.81941279007226,9.81940402141868,8.929916448877682e-05
1,50,star,93,6.997343664704189,6.868330833646411,1.8437400996687001
1,50,star,94,8.523066567806687,8.400847515915004,1.4339797879008578
1,50,star,95,6.655623034294099,6.162703508574239,7.4060613586439334
1,50,star,96,8.086434329831647,7.815554910761665,3.3498005180191903
1,50,star,97,6.996916203647718,6.764163171764377,3.3265087805682083
1,50,star,98,6.174939046394245,6.030736186150722,2.3352920435340714
1,50,star,99,10.230853905770834,10.156327076292431,0.728451702710418
1,50,star,100,12.358559842023462,12.310475647067815,0.38907603774465854
1,50,complete,1,250.14915728005963,243.2695851964484,2.7501879912028127
1,50,complete,2,292.4632475409382,286.74857488139725,1.9539797590263124
1,50,complete,3,291.3350238367156,287.0248835163323,1.4794446145270244
1,50,complete,4,301.56405099937155,294.7584946191941,2.2567532030505957
1,50,complete,5,245.45544498298744,239.0659656739028,2.6031116602556894
1,50,complete,6,287.5044439426546,282.7358574373935,1.658613146937024
1,50,complete,7,288.2542252175731,281.8972536467716,2.2053350878042677
1,50,complete,8,264.6705134657655,258.2391761107489,2.429941012620023
1,50,complete,9,240.67383123305154,233.01852040196465,3.180782385798326
1,50,complete,10,272.4858414929373,266.33052575416764,2.258948833834809
1,50,complete,11,292.7811514419509,285.2444921165487,2.5741613789972613
1,50,complete,12,278.14327829999075,271.8867200978659,2.249401186455004
1,50,complete,13,272.67300101254966,266.89689833274036,2.118325854910533
1,50,complete,14,233.48795038545,228.1867620883208,2.2704333514332666
1,50,complete,15,228.89251572601518,222.82159423000283,2.6523023161138446
1,50,complete,16,284.33108089052655,278.74081450071577,1.9661116091501616
1,50,complete,17,241.69042763191442,234.78670585725854,2.856431610593197
1,50,complete,18,251.98989763163692,246.79644676980215,2.060975821112738
1,50,complete,19,256.30465354834485,249.51477344999367,2.649144291510279
1,50,complete,20,227.77683771561692,221.98890477377034,2.541054217757165
1,50,complete,21,283.7277395329777,276.9105036829288,2.402738576520661
1,50,complete,22,284.58500686549075,279.15790270093686,1.9070239238285027
1,50,complete,23,265.7821344141903,259.64464999999166,2.3092163164865283
1,50,complete,24,304.2124255713662,299.3870658046909,1.5861810238725182
1,50,complete,25,286.13143707966265,279.31997301099295,2.3805367694614046
1,50,complete,26,277.1575208382398,271.2880729544206,2.117729970331505
1,50,complete,27,216.8750396028313,210.1211504283488,3.114184641464987
1,50,complete,28,259.0673458434472,251.7658063765174,2.8183943611874853
1,50,complete,29,266.1428724322202,260.8255385358998,1.9979245913018375
1,50,complete,30,312.43851236778994,305.78138194161113,2.130700974002304
1,50,complete,31,237.55619621381115,231.97489318685493,2.349466406648808
1,50,complete,32,298.52678696114424,293.59797402645705,1.651045450513864
1,50,complete,33,295.0531608555307,289.6011263457525,1.8478143036900723
1,50,complete,34,274.31068199680925,267.1504483344266,2.61026424864707
1,50,complete,35,315.4991880268158,307.41815701565986,2.561347641398389
1,50,complete,36,269.9402143575547,264.62951549711755,1.9673611333073686
1,50,complete,37,291.20314365874424,284.75968501787935,2.212702294318589
1,50,complete,38,307.8993190599459,301.4052850833051,2.109142039179527
1,50,complete,39,287.2288475125302,280.04948708378964,2.4995262456802343
1,50,complete,40,295.0199540950238,289.84792041532694,1.7531131735011407
1,50,complete,41,265.202126724415,257.5403507913824,2.8890326136012905
1,50,complete,42,234.56174410747968,229.09686091317334,2.329827148540577
1,50,complete,43,268.71257777324547,261.60153034016525,2.646339628761595
1,50,complete,44,264.1377893456463,258.9190746067908,1.9757546815940024
1,50,complete,45,257.4535751772048,251.01623903325213,2.500387162820276
1,50,complete,46,256.4063242625656,251.22018790217203,2.0226241982560644
1,50,complete,47,245.05466535375925,238.437498800081,2.7002818102343666
1,50,complete,48,291.653848180924,285.7953843797364,2.0087044411474326
1,50,complete,49,253.7487416243713,248.4664640194102,2.0816960790215577
1,50,complete,50,255.95796323454223,250.4512593034744,2.1514094976689133
1,50,complete,51,300.938100452282,296.15762055240634,1.5885259768341247
1,50,complete,52,236.64750806520928,228.46360228197472,3.458268312286412
1,50,complete,53,281.6188495603246,274.44468755380365,2.5474722369335505
1,50,complete,54,246.36685225228345,238.7482202145562,3.0923933021337042
1,50,complete,55,249.3330863173641,242.58793243614747,2.705278300943599
1,50,complete,56,232.6525271597489,227.65133172773207,2.1496415676511433
1,50,complete,57,275.0070253224798,270.4455046174066,1.6586924278477202
1,50,complete,58,299.9402893116299,294.0161493679993,1.9751064310922228
1,50,complete,59,222.37361283596323,215.21711219862138,3.2182328407017136
1,50,complete,60,268.8616936944508,262.23472897399046,2.464822946474335
1,50,complete,61,244.33538038340384,237.7169648999716,2.7087421694913045
1,50,complete,62,279.1586151960271,271.99501587163326,2.5661394398892186
1,50,complete,63,286.93226183586756,280.3755992546244,2.2850907525323043
1,50,complete,64,293.21808552446186,286.7329248652784,2.211719187642822
1,50,complete,65,252.47883864501404,245.36923456584316,2.8159207786784073
1,50,complete,66,285.8241576802125,281.84070730981597,1.393671690569046
1,50,complete,67,282.9402150800844,277.5517409144776,1.9044567998513828
1,50,complete,68,267.84251354762813,263.09469112391946,1.7726171849355814
1,50,complete,69,273.97808317458055,267.48996746939633,2.3681148616000596
1,50,complete,70,235.40884694144802,228.64945814781706,2.871340173257035
1,50,complete,71,208.6331587145703,201.73076747620965,3.3083864908567904
1,50,complete,72,278.7372366700978,271.6516975710321,2.5420138276866933
1,50,complete,73,250.14428276105366,243.22869417654942,2.764639874304159
1,50,complete,74,283.20411736118655,277.99938005985985,1.8378042486892239
1,50,complete,75,272.4618973833302,267.3070680566697,1.891945030173556
1,50,complete,76,276.0634024802631,270.03658623813396,2.183127567066781
1,50,complete,77,305.38335284958043,298.41986399139165,2.2802450733516952
1,50,complete,78,243.95985966070586,240.1070877556968,1.5792646832833142
1,50,complete,79,267.8569175054922,260.84954792811646,2.616086843167705
1,50,complete,80,265.8092172622896,259.75043361747686,2.279373043273441
1,50,complete,81,233.45374663197697,227.45213575497334,2.570792271954725
1,50,complete,82,291.8611953596617,286.7514882992151,1.7507319032767803
1,50,complete,83,315.70557785896995,308.3622251802996,2.326012967040673
1,50,complete,84,226.50447764537589,218.9859385970963,3.3193776681319767
1,50,complete,85,272.6851815398325,266.0146388838494,2.446243179887913
1,50,complete,86,199.6733608015709,195.2629534704527,2.208811086973763
1,50,complete,87,270.3547871115575,263.5497830592279,2.5170643823375967
1,50,complete,88,297.8545801943396,292.82856513658976,1.687405664358265
1,50,complete,89,262.00013767877215,257.087108559916,1.8752009683597344
1,50,complete,90,288.82783548969167,282.7460645430984,2.105673414850052
1,50,complete,91,294.9325632061626,288.76078724541645,2.0926058125470544
1,50,complete,92,260.4113224588185,254.36522866371942,2.3217476636620615
1,50,complete,93,252.13759759618983,245.06059159341333,2.8068031385428904
1,50,complete,94,287.4850018059035,281.14147613357164,2.2065588230633
1,50,complete,95,256.28440444656974,249.91724689891717,2.484410848721774
1,50,complete,96,302.4993742362932,297.0798659368591,1.7915766976763103
1,50,complete,97,289.09911049431696,283.22053614661615,2.0334114268457304
1,50,complete,98,276.47574855701555,269.12905899736984,2.6572636471696387
1,50,complete,99,261.14095815718963,255.3452374656392,2.219384018673083
1,50,complete,100,270.8299414144595,263.872630003672,2.568885616727475
